mean_fit_time,std_fit_time,mean_score_time,std_score_time,param_mlp__activation,param_mlp__alpha,param_mlp__hidden_layer_sizes,param_mlp__learning_rate_init,param_mlp__solver,params,split0_test_score,split1_test_score,split2_test_score,split3_test_score,split4_test_score,mean_test_score,std_test_score,rank_test_score,split0_train_score,split1_train_score,split2_train_score,split3_train_score,split4_train_score,mean_train_score,std_train_score
0.20953965187072754,0.01823429395023125,0.002123451232910156,0.0002669764194867611,relu,0.0001,"(50,)",0.001,adam,"{'mlp__activation': 'relu', 'mlp__alpha': 0.0001, 'mlp__hidden_layer_sizes': (50,), 'mlp__learning_rate_init': 0.001, 'mlp__solver': 'adam'}",1.0,0.9666666666666667,0.9,1.0,0.9,0.9533333333333334,0.04521553322083511,50,0.975,0.975,1.0,0.975,0.9833333333333333,0.9816666666666667,0.009718253158075509
0.31284308433532715,0.030178593674912067,0.002263164520263672,0.0005319535283132338,relu,0.0001,"(50,)",0.001,sgd,"{'mlp__activation': 'relu', 'mlp__alpha': 0.0001, 'mlp__hidden_layer_sizes': (50,), 'mlp__learning_rate_init': 0.001, 'mlp__solver': 'sgd'}",0.9333333333333333,0.9666666666666667,0.8666666666666667,1.0,0.8666666666666667,0.9266666666666665,0.05333333333333333,127,0.925,0.925,0.9333333333333333,0.9166666666666666,0.9416666666666667,0.9283333333333333,0.008498365855987974
0.06780524253845215,0.02495597831861497,0.002527332305908203,0.0008921285614728963,relu,0.0001,"(50,)",0.01,adam,"{'mlp__activation': 'relu', 'mlp__alpha': 0.0001, 'mlp__hidden_layer_sizes': (50,), 'mlp__learning_rate_init': 0.01, 'mlp__solver': 'adam'}",1.0,0.9666666666666667,0.9,1.0,0.9,0.9533333333333334,0.04521553322083511,50,0.9833333333333333,0.9833333333333333,1.0,0.9833333333333333,1.0,0.99,0.008164965809277286
0.1546144962310791,0.020525254091946957,0.0023318767547607423,0.0008428746526187025,relu,0.0001,"(50,)",0.01,sgd,"{'mlp__activation': 'relu', 'mlp__alpha': 0.0001, 'mlp__hidden_layer_sizes': (50,), 'mlp__learning_rate_init': 0.01, 'mlp__solver': 'sgd'}",1.0,0.9666666666666667,0.9,1.0,0.9,0.9533333333333334,0.04521553322083511,50,0.9666666666666667,0.9666666666666667,0.9916666666666667,0.975,0.975,0.975,0.009128709291752777
0.21428747177124025,0.015705929386211737,0.002186441421508789,0.00044140176221392014,relu,0.0001,"(100,)",0.001,adam,"{'mlp__activation': 'relu', 'mlp__alpha': 0.0001, 'mlp__hidden_layer_sizes': (100,), 'mlp__learning_rate_init': 0.001, 'mlp__solver': 'adam'}",1.0,0.9666666666666667,0.8666666666666667,1.0,0.9,0.9466666666666667,0.05416025603090639,101,0.975,0.975,1.0,0.975,0.9833333333333333,0.9816666666666667,0.009718253158075509
0.41008753776550294,0.03725026114790255,0.004075241088867187,0.0035123671793648543,relu,0.0001,"(100,)",0.001,sgd,"{'mlp__activation': 'relu', 'mlp__alpha': 0.0001, 'mlp__hidden_layer_sizes': (100,), 'mlp__learning_rate_init': 0.001, 'mlp__solver': 'sgd'}",0.9666666666666667,0.9666666666666667,0.8666666666666667,1.0,0.8666666666666667,0.9333333333333332,0.055777335102271695,124,0.9333333333333333,0.9333333333333333,0.9416666666666667,0.9333333333333333,0.95,0.9383333333333335,0.006666666666666643
0.07843427658081055,0.03448328178586924,0.0016206264495849609,4.391113622891376e-05,relu,0.0001,"(100,)",0.01,adam,"{'mlp__activation': 'relu', 'mlp__alpha': 0.0001, 'mlp__hidden_layer_sizes': (100,), 'mlp__learning_rate_init': 0.01, 'mlp__solver': 'adam'}",1.0,0.9666666666666667,0.9,1.0,0.9,0.9533333333333334,0.04521553322083511,50,0.9833333333333333,0.9833333333333333,1.0,1.0,1.0,0.9933333333333334,0.008164965809277286
0.18088769912719727,0.013637897879470916,0.001830291748046875,0.0001627263235853242,relu,0.0001,"(100,)",0.01,sgd,"{'mlp__activation': 'relu', 'mlp__alpha': 0.0001, 'mlp__hidden_layer_sizes': (100,), 'mlp__learning_rate_init': 0.01, 'mlp__solver': 'sgd'}",1.0,0.9666666666666667,0.9,1.0,0.9,0.9533333333333334,0.04521553322083511,50,0.9666666666666667,0.9666666666666667,0.9916666666666667,0.975,0.975,0.975,0.009128709291752777
0.18861312866210939,0.02107357546155867,0.0022706031799316407,0.0005072092577298881,relu,0.0001,"(50, 50)",0.001,adam,"{'mlp__activation': 'relu', 'mlp__alpha': 0.0001, 'mlp__hidden_layer_sizes': (50, 50), 'mlp__learning_rate_init': 0.001, 'mlp__solver': 'adam'}",1.0,0.9666666666666667,0.8666666666666667,1.0,0.9,0.9466666666666667,0.05416025603090639,101,0.9833333333333333,0.9833333333333333,1.0,0.9833333333333333,0.9916666666666667,0.9883333333333333,0.006666666666666693
0.5086473941802978,0.027790083820307294,0.0021773338317871093,0.0009739570674526375,relu,0.0001,"(50, 50)",0.001,sgd,"{'mlp__activation': 'relu', 'mlp__alpha': 0.0001, 'mlp__hidden_layer_sizes': (50, 50), 'mlp__learning_rate_init': 0.001, 'mlp__solver': 'sgd'}",1.0,0.9666666666666667,0.9,1.0,0.9,0.9533333333333334,0.04521553322083511,50,0.9583333333333334,0.95,0.9833333333333333,0.9583333333333334,0.975,0.9650000000000001,0.012247448713915874
0.09798221588134766,0.0315741567306014,0.0018793582916259766,0.00023510855380347315,relu,0.0001,"(50, 50)",0.01,adam,"{'mlp__activation': 'relu', 'mlp__alpha': 0.0001, 'mlp__hidden_layer_sizes': (50, 50), 'mlp__learning_rate_init': 0.01, 'mlp__solver': 'adam'}",1.0,0.9666666666666667,0.8666666666666667,1.0,0.8666666666666667,0.9400000000000001,0.06110100926607785,120,1.0,1.0,1.0,1.0,1.0,1.0,0.0
0.17684459686279297,0.029086662176321696,0.0020925521850585936,0.00047496479070287153,relu,0.0001,"(50, 50)",0.01,sgd,"{'mlp__activation': 'relu', 'mlp__alpha': 0.0001, 'mlp__hidden_layer_sizes': (50, 50), 'mlp__learning_rate_init': 0.01, 'mlp__solver': 'sgd'}",1.0,0.9666666666666667,0.9,1.0,0.9,0.9533333333333334,0.04521553322083511,50,0.9833333333333333,0.975,1.0,0.975,0.975,0.9816666666666667,0.009718253158075509
0.22381629943847656,0.03092007232668172,0.002998065948486328,0.0008929629584262269,relu,0.0001,"(100, 50)",0.001,adam,"{'mlp__activation': 'relu', 'mlp__alpha': 0.0001, 'mlp__hidden_layer_sizes': (100, 50), 'mlp__learning_rate_init': 0.001, 'mlp__solver': 'adam'}",1.0,0.9666666666666667,0.8666666666666667,1.0,0.9,0.9466666666666667,0.05416025603090639,101,0.9833333333333333,0.9833333333333333,1.0,0.9833333333333333,0.9916666666666667,0.9883333333333333,0.006666666666666693
0.6567175388336182,0.07086819732048132,0.0026295661926269533,0.0009066620822925319,relu,0.0001,"(100, 50)",0.001,sgd,"{'mlp__activation': 'relu', 'mlp__alpha': 0.0001, 'mlp__hidden_layer_sizes': (100, 50), 'mlp__learning_rate_init': 0.001, 'mlp__solver': 'sgd'}",1.0,0.9666666666666667,0.9,1.0,0.9,0.9533333333333334,0.04521553322083511,50,0.9666666666666667,0.9666666666666667,0.9833333333333333,0.9583333333333334,0.9666666666666667,0.9683333333333334,0.008164965809277232
0.09398832321166992,0.03025326148449174,0.0022497177124023438,0.0010084051500939043,relu,0.0001,"(100, 50)",0.01,adam,"{'mlp__activation': 'relu', 'mlp__alpha': 0.0001, 'mlp__hidden_layer_sizes': (100, 50), 'mlp__learning_rate_init': 0.01, 'mlp__solver': 'adam'}",1.0,0.9666666666666667,0.8666666666666667,1.0,0.8666666666666667,0.9400000000000001,0.06110100926607785,120,1.0,1.0,1.0,1.0,1.0,1.0,0.0
0.2144221305847168,0.015974123516600512,0.0018642902374267577,0.0003262443940239677,relu,0.0001,"(100, 50)",0.01,sgd,"{'mlp__activation': 'relu', 'mlp__alpha': 0.0001, 'mlp__hidden_layer_sizes': (100, 50), 'mlp__learning_rate_init': 0.01, 'mlp__solver': 'sgd'}",1.0,0.9666666666666667,0.9,1.0,0.9,0.9533333333333334,0.04521553322083511,50,0.9833333333333333,0.975,1.0,0.975,0.9833333333333333,0.9833333333333332,0.009128709291752777
0.20282554626464844,0.02322493897581832,0.0017704963684082031,0.00025221332262245094,relu,0.001,"(50,)",0.001,adam,"{'mlp__activation': 'relu', 'mlp__alpha': 0.001, 'mlp__hidden_layer_sizes': (50,), 'mlp__learning_rate_init': 0.001, 'mlp__solver': 'adam'}",1.0,0.9666666666666667,0.9,1.0,0.9,0.9533333333333334,0.04521553322083511,50,0.975,0.975,1.0,0.975,0.9833333333333333,0.9816666666666667,0.009718253158075509
0.29947829246520996,0.03218900076892609,0.001651430130004883,8.352542959289507e-05,relu,0.001,"(50,)",0.001,sgd,"{'mlp__activation': 'relu', 'mlp__alpha': 0.001, 'mlp__hidden_layer_sizes': (50,), 'mlp__learning_rate_init': 0.001, 'mlp__solver': 'sgd'}",0.9333333333333333,0.9666666666666667,0.8666666666666667,1.0,0.8666666666666667,0.9266666666666665,0.05333333333333333,127,0.925,0.925,0.9333333333333333,0.9166666666666666,0.9416666666666667,0.9283333333333333,0.008498365855987974
0.05708193778991699,0.0189252735104522,0.001802968978881836,0.00035014345715828933,relu,0.001,"(50,)",0.01,adam,"{'mlp__activation': 'relu', 'mlp__alpha': 0.001, 'mlp__hidden_layer_sizes': (50,), 'mlp__learning_rate_init': 0.01, 'mlp__solver': 'adam'}",1.0,0.9666666666666667,0.9,1.0,0.9,0.9533333333333334,0.04521553322083511,50,0.9833333333333333,0.9833333333333333,1.0,0.9833333333333333,1.0,0.99,0.008164965809277286
0.15207018852233886,0.017170210927003347,0.00171966552734375,0.00020847947677505495,relu,0.001,"(50,)",0.01,sgd,"{'mlp__activation': 'relu', 'mlp__alpha': 0.001, 'mlp__hidden_layer_sizes': (50,), 'mlp__learning_rate_init': 0.01, 'mlp__solver': 'sgd'}",1.0,0.9666666666666667,0.9,1.0,0.9,0.9533333333333334,0.04521553322083511,50,0.9666666666666667,0.9666666666666667,0.9916666666666667,0.975,0.975,0.975,0.009128709291752777
0.20321478843688964,0.015252452679571048,0.001835203170776367,0.00045625279854016366,relu,0.001,"(100,)",0.001,adam,"{'mlp__activation': 'relu', 'mlp__alpha': 0.001, 'mlp__hidden_layer_sizes': (100,), 'mlp__learning_rate_init': 0.001, 'mlp__solver': 'adam'}",1.0,0.9666666666666667,0.8666666666666667,1.0,0.9,0.9466666666666667,0.05416025603090639,101,0.975,0.975,1.0,0.975,0.9833333333333333,0.9816666666666667,0.009718253158075509
0.37243080139160156,0.026686878441315703,0.0024444103240966798,0.0007996428999868249,relu,0.001,"(100,)",0.001,sgd,"{'mlp__activation': 'relu', 'mlp__alpha': 0.001, 'mlp__hidden_layer_sizes': (100,), 'mlp__learning_rate_init': 0.001, 'mlp__solver': 'sgd'}",0.9666666666666667,0.9666666666666667,0.8666666666666667,1.0,0.8666666666666667,0.9333333333333332,0.055777335102271695,124,0.9333333333333333,0.9333333333333333,0.9416666666666667,0.9333333333333333,0.95,0.9383333333333335,0.006666666666666643
0.10518717765808105,0.03253101237377717,0.0018023014068603515,0.0002446491841797264,relu,0.001,"(100,)",0.01,adam,"{'mlp__activation': 'relu', 'mlp__alpha': 0.001, 'mlp__hidden_layer_sizes': (100,), 'mlp__learning_rate_init': 0.01, 'mlp__solver': 'adam'}",1.0,0.9666666666666667,0.9,1.0,0.9,0.9533333333333334,0.04521553322083511,50,1.0,0.9833333333333333,1.0,1.0,1.0,0.9966666666666667,0.006666666666666687
0.1753103256225586,0.019132811663956764,0.0020114898681640623,0.0003283747459619207,relu,0.001,"(100,)",0.01,sgd,"{'mlp__activation': 'relu', 'mlp__alpha': 0.001, 'mlp__hidden_layer_sizes': (100,), 'mlp__learning_rate_init': 0.01, 'mlp__solver': 'sgd'}",1.0,0.9666666666666667,0.9,1.0,0.9,0.9533333333333334,0.04521553322083511,50,0.9666666666666667,0.9666666666666667,0.9916666666666667,0.975,0.975,0.975,0.009128709291752777
0.1788181781768799,0.01422028823481826,0.0015481472015380859,4.481675737730098e-05,relu,0.001,"(50, 50)",0.001,adam,"{'mlp__activation': 'relu', 'mlp__alpha': 0.001, 'mlp__hidden_layer_sizes': (50, 50), 'mlp__learning_rate_init': 0.001, 'mlp__solver': 'adam'}",1.0,0.9666666666666667,0.8666666666666667,1.0,0.9,0.9466666666666667,0.05416025603090639,101,0.9833333333333333,0.9833333333333333,1.0,0.9833333333333333,0.9916666666666667,0.9883333333333333,0.006666666666666693
0.5479166984558106,0.055335147559188974,0.0017012596130371095,0.000228235534285681,relu,0.001,"(50, 50)",0.001,sgd,"{'mlp__activation': 'relu', 'mlp__alpha': 0.001, 'mlp__hidden_layer_sizes': (50, 50), 'mlp__learning_rate_init': 0.001, 'mlp__solver': 'sgd'}",1.0,0.9666666666666667,0.9,1.0,0.9,0.9533333333333334,0.04521553322083511,50,0.9583333333333334,0.95,0.9833333333333333,0.9583333333333334,0.975,0.9650000000000001,0.012247448713915874
0.08634686470031738,0.025959237342202988,0.0025838375091552734,0.0007734713590291645,relu,0.001,"(50, 50)",0.01,adam,"{'mlp__activation': 'relu', 'mlp__alpha': 0.001, 'mlp__hidden_layer_sizes': (50, 50), 'mlp__learning_rate_init': 0.01, 'mlp__solver': 'adam'}",1.0,0.9666666666666667,0.8666666666666667,1.0,0.8666666666666667,0.9400000000000001,0.06110100926607785,120,1.0,1.0,1.0,1.0,1.0,1.0,0.0
0.16157021522521972,0.01817197044376025,0.001874685287475586,0.000647111208155668,relu,0.001,"(50, 50)",0.01,sgd,"{'mlp__activation': 'relu', 'mlp__alpha': 0.001, 'mlp__hidden_layer_sizes': (50, 50), 'mlp__learning_rate_init': 0.01, 'mlp__solver': 'sgd'}",1.0,0.9666666666666667,0.9,1.0,0.9,0.9533333333333334,0.04521553322083511,50,0.9833333333333333,0.975,1.0,0.975,0.975,0.9816666666666667,0.009718253158075509
0.19884686470031737,0.041426366524017884,0.0019287586212158204,0.000252422450122759,relu,0.001,"(100, 50)",0.001,adam,"{'mlp__activation': 'relu', 'mlp__alpha': 0.001, 'mlp__hidden_layer_sizes': (100, 50), 'mlp__learning_rate_init': 0.001, 'mlp__solver': 'adam'}",1.0,0.9666666666666667,0.8666666666666667,1.0,0.9,0.9466666666666667,0.05416025603090639,101,0.9833333333333333,0.9833333333333333,1.0,0.9833333333333333,1.0,0.99,0.008164965809277286
0.616086483001709,0.07697722652581214,0.001617431640625,0.00020968222078071876,relu,0.001,"(100, 50)",0.001,sgd,"{'mlp__activation': 'relu', 'mlp__alpha': 0.001, 'mlp__hidden_layer_sizes': (100, 50), 'mlp__learning_rate_init': 0.001, 'mlp__solver': 'sgd'}",1.0,0.9666666666666667,0.9,1.0,0.9,0.9533333333333334,0.04521553322083511,50,0.9666666666666667,0.9666666666666667,0.9833333333333333,0.9583333333333334,0.9666666666666667,0.9683333333333334,0.008164965809277232
0.07657980918884277,0.018811785232123415,0.002091217041015625,0.00039003106315527766,relu,0.001,"(100, 50)",0.01,adam,"{'mlp__activation': 'relu', 'mlp__alpha': 0.001, 'mlp__hidden_layer_sizes': (100, 50), 'mlp__learning_rate_init': 0.01, 'mlp__solver': 'adam'}",1.0,0.9666666666666667,0.8666666666666667,1.0,0.9,0.9466666666666667,0.05416025603090639,101,1.0,1.0,1.0,1.0,1.0,1.0,0.0
0.1898709774017334,0.019806357939057113,0.0020036697387695312,0.00043625867826726323,relu,0.001,"(100, 50)",0.01,sgd,"{'mlp__activation': 'relu', 'mlp__alpha': 0.001, 'mlp__hidden_layer_sizes': (100, 50), 'mlp__learning_rate_init': 0.01, 'mlp__solver': 'sgd'}",1.0,0.9666666666666667,0.9,1.0,0.9,0.9533333333333334,0.04521553322083511,50,0.9833333333333333,0.975,1.0,0.975,0.9833333333333333,0.9833333333333332,0.009128709291752777
0.20612359046936035,0.02443065054956181,0.0017787933349609375,0.000299052916297418,relu,0.01,"(50,)",0.001,adam,"{'mlp__activation': 'relu', 'mlp__alpha': 0.01, 'mlp__hidden_layer_sizes': (50,), 'mlp__learning_rate_init': 0.001, 'mlp__solver': 'adam'}",1.0,0.9666666666666667,0.9,1.0,0.9,0.9533333333333334,0.04521553322083511,50,0.975,0.975,1.0,0.975,0.9833333333333333,0.9816666666666667,0.009718253158075509
0.28458166122436523,0.028027619343220005,0.0017635822296142578,0.0001927045801444193,relu,0.01,"(50,)",0.001,sgd,"{'mlp__activation': 'relu', 'mlp__alpha': 0.01, 'mlp__hidden_layer_sizes': (50,), 'mlp__learning_rate_init': 0.001, 'mlp__solver': 'sgd'}",0.9333333333333333,0.9666666666666667,0.8666666666666667,1.0,0.8666666666666667,0.9266666666666665,0.05333333333333333,127,0.925,0.925,0.9333333333333333,0.9166666666666666,0.9416666666666667,0.9283333333333333,0.008498365855987974
0.05460376739501953,0.017801290733514618,0.0016602039337158202,0.00016179996125277075,relu,0.01,"(50,)",0.01,adam,"{'mlp__activation': 'relu', 'mlp__alpha': 0.01, 'mlp__hidden_layer_sizes': (50,), 'mlp__learning_rate_init': 0.01, 'mlp__solver': 'adam'}",1.0,0.9666666666666667,0.9,1.0,0.9,0.9533333333333334,0.04521553322083511,50,0.9833333333333333,0.9833333333333333,1.0,0.9833333333333333,1.0,0.99,0.008164965809277286
0.12807102203369142,0.016407652526261595,0.001688241958618164,0.0002758129749092497,relu,0.01,"(50,)",0.01,sgd,"{'mlp__activation': 'relu', 'mlp__alpha': 0.01, 'mlp__hidden_layer_sizes': (50,), 'mlp__learning_rate_init': 0.01, 'mlp__solver': 'sgd'}",1.0,0.9666666666666667,0.9,1.0,0.9,0.9533333333333334,0.04521553322083511,50,0.9666666666666667,0.9666666666666667,0.9916666666666667,0.975,0.975,0.975,0.009128709291752777
0.1933187484741211,0.021518000148121046,0.0015726089477539062,0.00015213108229839364,relu,0.01,"(100,)",0.001,adam,"{'mlp__activation': 'relu', 'mlp__alpha': 0.01, 'mlp__hidden_layer_sizes': (100,), 'mlp__learning_rate_init': 0.001, 'mlp__solver': 'adam'}",1.0,0.9666666666666667,0.8666666666666667,1.0,0.9,0.9466666666666667,0.05416025603090639,101,0.975,0.975,1.0,0.975,0.9833333333333333,0.9816666666666667,0.009718253158075509
0.38131442070007326,0.04018035222400921,0.002359151840209961,0.0009279640572814261,relu,0.01,"(100,)",0.001,sgd,"{'mlp__activation': 'relu', 'mlp__alpha': 0.01, 'mlp__hidden_layer_sizes': (100,), 'mlp__learning_rate_init': 0.001, 'mlp__solver': 'sgd'}",0.9666666666666667,0.9666666666666667,0.8666666666666667,1.0,0.8666666666666667,0.9333333333333332,0.055777335102271695,124,0.9333333333333333,0.9333333333333333,0.9416666666666667,0.9333333333333333,0.95,0.9383333333333335,0.006666666666666643
0.0630007266998291,0.02485840910469196,0.0019527435302734374,0.0005017615060437271,relu,0.01,"(100,)",0.01,adam,"{'mlp__activation': 'relu', 'mlp__alpha': 0.01, 'mlp__hidden_layer_sizes': (100,), 'mlp__learning_rate_init': 0.01, 'mlp__solver': 'adam'}",1.0,0.9666666666666667,0.9,1.0,0.9,0.9533333333333334,0.04521553322083511,50,0.9833333333333333,0.9833333333333333,1.0,0.9833333333333333,1.0,0.99,0.008164965809277286
0.17864589691162108,0.02090523317256645,0.001953744888305664,0.0004158190791534159,relu,0.01,"(100,)",0.01,sgd,"{'mlp__activation': 'relu', 'mlp__alpha': 0.01, 'mlp__hidden_layer_sizes': (100,), 'mlp__learning_rate_init': 0.01, 'mlp__solver': 'sgd'}",1.0,0.9666666666666667,0.9,1.0,0.9,0.9533333333333334,0.04521553322083511,50,0.9666666666666667,0.9666666666666667,0.9916666666666667,0.975,0.975,0.975,0.009128709291752777
0.1858879566192627,0.02769993718181517,0.001962423324584961,0.0005102791256638395,relu,0.01,"(50, 50)",0.001,adam,"{'mlp__activation': 'relu', 'mlp__alpha': 0.01, 'mlp__hidden_layer_sizes': (50, 50), 'mlp__learning_rate_init': 0.001, 'mlp__solver': 'adam'}",1.0,1.0,0.8666666666666667,1.0,0.9,0.9533333333333334,0.0581186525805423,50,0.9833333333333333,0.9833333333333333,1.0,0.9833333333333333,0.9916666666666667,0.9883333333333333,0.006666666666666693
0.47065443992614747,0.03455518313878857,0.001923370361328125,0.0002876080545805733,relu,0.01,"(50, 50)",0.001,sgd,"{'mlp__activation': 'relu', 'mlp__alpha': 0.01, 'mlp__hidden_layer_sizes': (50, 50), 'mlp__learning_rate_init': 0.001, 'mlp__solver': 'sgd'}",1.0,0.9666666666666667,0.9,1.0,0.9,0.9533333333333334,0.04521553322083511,50,0.9583333333333334,0.95,0.9833333333333333,0.9583333333333334,0.975,0.9650000000000001,0.012247448713915874
0.07589111328125,0.03277496301404515,0.001649332046508789,0.00020435971146326811,relu,0.01,"(50, 50)",0.01,adam,"{'mlp__activation': 'relu', 'mlp__alpha': 0.01, 'mlp__hidden_layer_sizes': (50, 50), 'mlp__learning_rate_init': 0.01, 'mlp__solver': 'adam'}",1.0,0.9666666666666667,0.8666666666666667,1.0,0.8333333333333334,0.9333333333333333,0.06992058987801009,123,1.0,1.0,1.0,1.0,1.0,1.0,0.0
0.16176090240478516,0.026886060111859164,0.002134847640991211,0.0004643058046213091,relu,0.01,"(50, 50)",0.01,sgd,"{'mlp__activation': 'relu', 'mlp__alpha': 0.01, 'mlp__hidden_layer_sizes': (50, 50), 'mlp__learning_rate_init': 0.01, 'mlp__solver': 'sgd'}",1.0,0.9666666666666667,0.9,1.0,0.9,0.9533333333333334,0.04521553322083511,50,0.9833333333333333,0.975,1.0,0.975,0.975,0.9816666666666667,0.009718253158075509
0.2076486110687256,0.03480785823730757,0.0018926143646240234,0.00033402354099392443,relu,0.01,"(100, 50)",0.001,adam,"{'mlp__activation': 'relu', 'mlp__alpha': 0.01, 'mlp__hidden_layer_sizes': (100, 50), 'mlp__learning_rate_init': 0.001, 'mlp__solver': 'adam'}",1.0,0.9666666666666667,0.8666666666666667,1.0,0.9,0.9466666666666667,0.05416025603090639,101,0.9833333333333333,0.9833333333333333,1.0,0.9833333333333333,0.9833333333333333,0.9866666666666667,0.006666666666666687
0.6179977893829346,0.08020530103847548,0.0015492439270019531,4.455021970289741e-05,relu,0.01,"(100, 50)",0.001,sgd,"{'mlp__activation': 'relu', 'mlp__alpha': 0.01, 'mlp__hidden_layer_sizes': (100, 50), 'mlp__learning_rate_init': 0.001, 'mlp__solver': 'sgd'}",1.0,0.9666666666666667,0.9,1.0,0.9,0.9533333333333334,0.04521553322083511,50,0.9666666666666667,0.9666666666666667,0.9833333333333333,0.9583333333333334,0.9666666666666667,0.9683333333333334,0.008164965809277232
0.07727832794189453,0.02230639016199164,0.001748037338256836,0.00018806371678974714,relu,0.01,"(100, 50)",0.01,adam,"{'mlp__activation': 'relu', 'mlp__alpha': 0.01, 'mlp__hidden_layer_sizes': (100, 50), 'mlp__learning_rate_init': 0.01, 'mlp__solver': 'adam'}",1.0,0.9666666666666667,0.8666666666666667,1.0,0.9,0.9466666666666667,0.05416025603090639,101,1.0,1.0,1.0,1.0,1.0,1.0,0.0
0.19982681274414063,0.0229130641648218,0.0015700817108154296,0.00014328084623999675,relu,0.01,"(100, 50)",0.01,sgd,"{'mlp__activation': 'relu', 'mlp__alpha': 0.01, 'mlp__hidden_layer_sizes': (100, 50), 'mlp__learning_rate_init': 0.01, 'mlp__solver': 'sgd'}",1.0,0.9666666666666667,0.9,1.0,0.9,0.9533333333333334,0.04521553322083511,50,0.9833333333333333,0.975,1.0,0.975,0.9833333333333333,0.9833333333333332,0.009128709291752777
0.2662496089935303,0.03089220629202331,0.0014985561370849609,5.241232144882994e-05,tanh,0.0001,"(50,)",0.001,adam,"{'mlp__activation': 'tanh', 'mlp__alpha': 0.0001, 'mlp__hidden_layer_sizes': (50,), 'mlp__learning_rate_init': 0.001, 'mlp__solver': 'adam'}",1.0,0.9666666666666667,0.9,1.0,0.9,0.9533333333333334,0.04521553322083511,50,0.9666666666666667,0.9666666666666667,0.9916666666666667,0.975,0.975,0.975,0.009128709291752777
0.36432662010192873,0.015031499603285049,0.0023125648498535157,0.0007360116245605138,tanh,0.0001,"(50,)",0.001,sgd,"{'mlp__activation': 'tanh', 'mlp__alpha': 0.0001, 'mlp__hidden_layer_sizes': (50,), 'mlp__learning_rate_init': 0.001, 'mlp__solver': 'sgd'}",1.0,0.9666666666666667,0.9,1.0,0.9,0.9533333333333334,0.04521553322083511,50,0.9333333333333333,0.95,0.9583333333333334,0.9416666666666667,0.9583333333333334,0.9483333333333333,0.009718253158075512
0.07708573341369629,0.016077614201517685,0.001873350143432617,0.00033549205206022024,tanh,0.0001,"(50,)",0.01,adam,"{'mlp__activation': 'tanh', 'mlp__alpha': 0.0001, 'mlp__hidden_layer_sizes': (50,), 'mlp__learning_rate_init': 0.01, 'mlp__solver': 'adam'}",1.0,1.0,0.9,1.0,0.9,0.96,0.04898979485566354,31,0.9833333333333333,0.9833333333333333,1.0,0.9833333333333333,0.9833333333333333,0.9866666666666667,0.006666666666666687
0.15268368721008302,0.024256702529767464,0.0016313552856445312,0.0001293839966842427,tanh,0.0001,"(50,)",0.01,sgd,"{'mlp__activation': 'tanh', 'mlp__alpha': 0.0001, 'mlp__hidden_layer_sizes': (50,), 'mlp__learning_rate_init': 0.01, 'mlp__solver': 'sgd'}",1.0,0.9666666666666667,0.9,1.0,0.9,0.9533333333333334,0.04521553322083511,50,0.9666666666666667,0.9666666666666667,0.9916666666666667,0.975,0.975,0.975,0.009128709291752777
0.24322195053100587,0.03241056340896922,0.002679300308227539,0.0012870443290161641,tanh,0.0001,"(100,)",0.001,adam,"{'mlp__activation': 'tanh', 'mlp__alpha': 0.0001, 'mlp__hidden_layer_sizes': (100,), 'mlp__learning_rate_init': 0.001, 'mlp__solver': 'adam'}",1.0,1.0,0.9,1.0,0.9333333333333333,0.9666666666666666,0.04216370213557838,16,0.975,0.9666666666666667,1.0,0.975,0.975,0.9783333333333333,0.011303883305208783
0.47643556594848635,0.09813340690116303,0.0017951011657714843,0.0002811452022490721,tanh,0.0001,"(100,)",0.001,sgd,"{'mlp__activation': 'tanh', 'mlp__alpha': 0.0001, 'mlp__hidden_layer_sizes': (100,), 'mlp__learning_rate_init': 0.001, 'mlp__solver': 'sgd'}",1.0,0.9666666666666667,0.8666666666666667,1.0,0.9,0.9466666666666667,0.05416025603090639,101,0.9416666666666667,0.95,0.9583333333333334,0.95,0.9666666666666667,0.9533333333333334,0.008498365855987991
0.098370361328125,0.0729537678499189,0.0016701698303222656,0.0001755415234620887,tanh,0.0001,"(100,)",0.01,adam,"{'mlp__activation': 'tanh', 'mlp__alpha': 0.0001, 'mlp__hidden_layer_sizes': (100,), 'mlp__learning_rate_init': 0.01, 'mlp__solver': 'adam'}",1.0,1.0,0.9,1.0,0.8666666666666667,0.9533333333333334,0.0581186525805423,50,0.9833333333333333,0.9833333333333333,1.0,0.9833333333333333,1.0,0.99,0.008164965809277286
0.169706392288208,0.031861143314372356,0.0014929771423339844,1.912289419035074e-05,tanh,0.0001,"(100,)",0.01,sgd,"{'mlp__activation': 'tanh', 'mlp__alpha': 0.0001, 'mlp__hidden_layer_sizes': (100,), 'mlp__learning_rate_init': 0.01, 'mlp__solver': 'sgd'}",1.0,1.0,0.9,1.0,0.9,0.96,0.04898979485566354,31,0.9666666666666667,0.9666666666666667,0.9916666666666667,0.975,0.975,0.975,0.009128709291752777
0.19381194114685057,0.036454437953159745,0.0015607357025146484,3.525545761662222e-05,tanh,0.0001,"(50, 50)",0.001,adam,"{'mlp__activation': 'tanh', 'mlp__alpha': 0.0001, 'mlp__hidden_layer_sizes': (50, 50), 'mlp__learning_rate_init': 0.001, 'mlp__solver': 'adam'}",1.0,1.0,0.9,1.0,0.9333333333333333,0.9666666666666666,0.04216370213557838,16,0.9833333333333333,0.975,1.0,0.975,0.975,0.9816666666666667,0.009718253158075509
0.5675670146942139,0.052018727328629326,0.001962900161743164,0.0003976951398044617,tanh,0.0001,"(50, 50)",0.001,sgd,"{'mlp__activation': 'tanh', 'mlp__alpha': 0.0001, 'mlp__hidden_layer_sizes': (50, 50), 'mlp__learning_rate_init': 0.001, 'mlp__solver': 'sgd'}",1.0,0.9666666666666667,0.9,1.0,0.9,0.9533333333333334,0.04521553322083511,50,0.9666666666666667,0.975,0.9833333333333333,0.9583333333333334,0.9666666666666667,0.97,0.008498365855987945
0.06521067619323731,0.04751222647042756,0.0017540454864501953,0.000356033522424736,tanh,0.0001,"(50, 50)",0.01,adam,"{'mlp__activation': 'tanh', 'mlp__alpha': 0.0001, 'mlp__hidden_layer_sizes': (50, 50), 'mlp__learning_rate_init': 0.01, 'mlp__solver': 'adam'}",1.0,1.0,0.9,1.0,0.8333333333333334,0.9466666666666667,0.06863753427324665,101,0.9833333333333333,0.9833333333333333,1.0,0.9833333333333333,1.0,0.99,0.008164965809277286
0.1647951126098633,0.044875855480365975,0.0018073558807373048,0.00030201499198597267,tanh,0.0001,"(50, 50)",0.01,sgd,"{'mlp__activation': 'tanh', 'mlp__alpha': 0.0001, 'mlp__hidden_layer_sizes': (50, 50), 'mlp__learning_rate_init': 0.01, 'mlp__solver': 'sgd'}",1.0,1.0,0.9,1.0,0.9,0.96,0.04898979485566354,31,0.9833333333333333,0.975,1.0,0.975,0.975,0.9816666666666667,0.009718253158075509
0.1825767993927002,0.05489126131827659,0.0018162250518798829,0.00032687009467289376,tanh,0.0001,"(100, 50)",0.001,adam,"{'mlp__activation': 'tanh', 'mlp__alpha': 0.0001, 'mlp__hidden_layer_sizes': (100, 50), 'mlp__learning_rate_init': 0.001, 'mlp__solver': 'adam'}",1.0,1.0,0.9,1.0,0.9666666666666667,0.9733333333333333,0.038873012632301994,1,0.9833333333333333,0.9833333333333333,1.0,0.975,0.975,0.9833333333333334,0.009128709291752777
0.6262806415557861,0.064465075449342,0.0017386913299560548,0.0001467785482932615,tanh,0.0001,"(100, 50)",0.001,sgd,"{'mlp__activation': 'tanh', 'mlp__alpha': 0.0001, 'mlp__hidden_layer_sizes': (100, 50), 'mlp__learning_rate_init': 0.001, 'mlp__solver': 'sgd'}",1.0,0.9666666666666667,0.9,1.0,0.9,0.9533333333333334,0.04521553322083511,50,0.9666666666666667,0.975,0.9916666666666667,0.9666666666666667,0.9666666666666667,0.9733333333333334,0.009718253158075509
0.09186921119689942,0.08086632216480373,0.0019297122955322266,0.0003469680081776217,tanh,0.0001,"(100, 50)",0.01,adam,"{'mlp__activation': 'tanh', 'mlp__alpha': 0.0001, 'mlp__hidden_layer_sizes': (100, 50), 'mlp__learning_rate_init': 0.01, 'mlp__solver': 'adam'}",1.0,1.0,0.9,1.0,0.8333333333333334,0.9466666666666667,0.06863753427324665,101,0.9833333333333333,0.9833333333333333,1.0,0.9833333333333333,1.0,0.99,0.008164965809277286
0.2028110980987549,0.057057592810907026,0.0018847465515136718,0.0002705718494790249,tanh,0.0001,"(100, 50)",0.01,sgd,"{'mlp__activation': 'tanh', 'mlp__alpha': 0.0001, 'mlp__hidden_layer_sizes': (100, 50), 'mlp__learning_rate_init': 0.01, 'mlp__solver': 'sgd'}",1.0,1.0,0.9,1.0,0.9666666666666667,0.9733333333333333,0.038873012632301994,1,0.975,0.975,1.0,0.975,0.975,0.9800000000000001,0.010000000000000009
0.24219188690185547,0.028738787748632554,0.0016489982604980468,0.0003482401084838679,tanh,0.001,"(50,)",0.001,adam,"{'mlp__activation': 'tanh', 'mlp__alpha': 0.001, 'mlp__hidden_layer_sizes': (50,), 'mlp__learning_rate_init': 0.001, 'mlp__solver': 'adam'}",1.0,0.9666666666666667,0.9,1.0,0.9,0.9533333333333334,0.04521553322083511,50,0.9666666666666667,0.9666666666666667,0.9916666666666667,0.975,0.975,0.975,0.009128709291752777
0.33492441177368165,0.05262225235379468,0.0020636558532714845,0.0004384988543774772,tanh,0.001,"(50,)",0.001,sgd,"{'mlp__activation': 'tanh', 'mlp__alpha': 0.001, 'mlp__hidden_layer_sizes': (50,), 'mlp__learning_rate_init': 0.001, 'mlp__solver': 'sgd'}",1.0,0.9666666666666667,0.9,1.0,0.9,0.9533333333333334,0.04521553322083511,50,0.9333333333333333,0.95,0.9583333333333334,0.9416666666666667,0.9583333333333334,0.9483333333333333,0.009718253158075512
0.07083897590637207,0.026203431348529687,0.0022745609283447267,0.0011873256863354734,tanh,0.001,"(50,)",0.01,adam,"{'mlp__activation': 'tanh', 'mlp__alpha': 0.001, 'mlp__hidden_layer_sizes': (50,), 'mlp__learning_rate_init': 0.01, 'mlp__solver': 'adam'}",1.0,1.0,0.9,1.0,0.9,0.96,0.04898979485566354,31,0.9833333333333333,0.9833333333333333,1.0,0.9833333333333333,0.9833333333333333,0.9866666666666667,0.006666666666666687
0.142578125,0.031623246691878694,0.0018283843994140625,0.0005361059493829395,tanh,0.001,"(50,)",0.01,sgd,"{'mlp__activation': 'tanh', 'mlp__alpha': 0.001, 'mlp__hidden_layer_sizes': (50,), 'mlp__learning_rate_init': 0.01, 'mlp__solver': 'sgd'}",1.0,0.9666666666666667,0.9,1.0,0.9,0.9533333333333334,0.04521553322083511,50,0.9666666666666667,0.9666666666666667,0.9916666666666667,0.975,0.975,0.975,0.009128709291752777
0.23513407707214357,0.040296349440912614,0.0016664505004882813,0.00023760129083651383,tanh,0.001,"(100,)",0.001,adam,"{'mlp__activation': 'tanh', 'mlp__alpha': 0.001, 'mlp__hidden_layer_sizes': (100,), 'mlp__learning_rate_init': 0.001, 'mlp__solver': 'adam'}",1.0,1.0,0.9,1.0,0.9333333333333333,0.9666666666666666,0.04216370213557838,16,0.975,0.9666666666666667,1.0,0.975,0.975,0.9783333333333333,0.011303883305208783
0.4783088207244873,0.10630330321579089,0.0019336223602294921,0.000342230629355193,tanh,0.001,"(100,)",0.001,sgd,"{'mlp__activation': 'tanh', 'mlp__alpha': 0.001, 'mlp__hidden_layer_sizes': (100,), 'mlp__learning_rate_init': 0.001, 'mlp__solver': 'sgd'}",1.0,0.9666666666666667,0.8666666666666667,1.0,0.9,0.9466666666666667,0.05416025603090639,101,0.9416666666666667,0.95,0.9583333333333334,0.95,0.9666666666666667,0.9533333333333334,0.008498365855987991
0.07991461753845215,0.04047338324483711,0.0015587806701660156,0.00014825012185464004,tanh,0.001,"(100,)",0.01,adam,"{'mlp__activation': 'tanh', 'mlp__alpha': 0.001, 'mlp__hidden_layer_sizes': (100,), 'mlp__learning_rate_init': 0.01, 'mlp__solver': 'adam'}",1.0,1.0,0.9,1.0,0.8666666666666667,0.9533333333333334,0.0581186525805423,50,0.9833333333333333,0.9833333333333333,1.0,0.9833333333333333,1.0,0.99,0.008164965809277286
0.18302555084228517,0.04706348503209449,0.0017606258392333985,0.0002702598680407936,tanh,0.001,"(100,)",0.01,sgd,"{'mlp__activation': 'tanh', 'mlp__alpha': 0.001, 'mlp__hidden_layer_sizes': (100,), 'mlp__learning_rate_init': 0.01, 'mlp__solver': 'sgd'}",1.0,1.0,0.9,1.0,0.9,0.96,0.04898979485566354,31,0.9666666666666667,0.9666666666666667,0.9916666666666667,0.975,0.975,0.975,0.009128709291752777
0.19503426551818848,0.024862294294479736,0.0016859054565429687,0.00017496976682231525,tanh,0.001,"(50, 50)",0.001,adam,"{'mlp__activation': 'tanh', 'mlp__alpha': 0.001, 'mlp__hidden_layer_sizes': (50, 50), 'mlp__learning_rate_init': 0.001, 'mlp__solver': 'adam'}",1.0,1.0,0.9,1.0,0.9333333333333333,0.9666666666666666,0.04216370213557838,16,0.9833333333333333,0.975,1.0,0.975,0.975,0.9816666666666667,0.009718253158075509
0.56620774269104,0.10319623326758735,0.001716947555541992,0.00015221554805283928,tanh,0.001,"(50, 50)",0.001,sgd,"{'mlp__activation': 'tanh', 'mlp__alpha': 0.001, 'mlp__hidden_layer_sizes': (50, 50), 'mlp__learning_rate_init': 0.001, 'mlp__solver': 'sgd'}",1.0,0.9666666666666667,0.9,1.0,0.9,0.9533333333333334,0.04521553322083511,50,0.9666666666666667,0.975,0.9833333333333333,0.9583333333333334,0.9666666666666667,0.97,0.008498365855987945
0.060573387145996097,0.03184297719502065,0.001668834686279297,0.00025554381762120273,tanh,0.001,"(50, 50)",0.01,adam,"{'mlp__activation': 'tanh', 'mlp__alpha': 0.001, 'mlp__hidden_layer_sizes': (50, 50), 'mlp__learning_rate_init': 0.01, 'mlp__solver': 'adam'}",1.0,1.0,0.9,1.0,0.8333333333333334,0.9466666666666667,0.06863753427324665,101,0.9833333333333333,0.9833333333333333,1.0,0.9833333333333333,1.0,0.99,0.008164965809277286
0.1697756290435791,0.04427896559144026,0.0017487525939941407,0.00047456896624401695,tanh,0.001,"(50, 50)",0.01,sgd,"{'mlp__activation': 'tanh', 'mlp__alpha': 0.001, 'mlp__hidden_layer_sizes': (50, 50), 'mlp__learning_rate_init': 0.01, 'mlp__solver': 'sgd'}",1.0,1.0,0.9,1.0,0.9,0.96,0.04898979485566354,31,0.9833333333333333,0.975,1.0,0.975,0.975,0.9816666666666667,0.009718253158075509
0.21209826469421386,0.0588598099847929,0.0019074440002441405,0.00032073198009865457,tanh,0.001,"(100, 50)",0.001,adam,"{'mlp__activation': 'tanh', 'mlp__alpha': 0.001, 'mlp__hidden_layer_sizes': (100, 50), 'mlp__learning_rate_init': 0.001, 'mlp__solver': 'adam'}",1.0,1.0,0.9,1.0,0.9666666666666667,0.9733333333333333,0.038873012632301994,1,0.9833333333333333,0.9833333333333333,1.0,0.975,0.975,0.9833333333333334,0.009128709291752777
0.6146090507507325,0.14711907870470892,0.0016592979431152345,0.00012928238163457113,tanh,0.001,"(100, 50)",0.001,sgd,"{'mlp__activation': 'tanh', 'mlp__alpha': 0.001, 'mlp__hidden_layer_sizes': (100, 50), 'mlp__learning_rate_init': 0.001, 'mlp__solver': 'sgd'}",1.0,0.9666666666666667,0.9,1.0,0.9,0.9533333333333334,0.04521553322083511,50,0.9666666666666667,0.975,0.9916666666666667,0.9666666666666667,0.9666666666666667,0.9733333333333334,0.009718253158075509
0.06595468521118164,0.04426511606995479,0.002311849594116211,0.0008401625756319877,tanh,0.001,"(100, 50)",0.01,adam,"{'mlp__activation': 'tanh', 'mlp__alpha': 0.001, 'mlp__hidden_layer_sizes': (100, 50), 'mlp__learning_rate_init': 0.01, 'mlp__solver': 'adam'}",1.0,1.0,0.9,1.0,0.8333333333333334,0.9466666666666667,0.06863753427324665,101,0.9833333333333333,0.9833333333333333,1.0,0.9833333333333333,1.0,0.99,0.008164965809277286
0.1946725368499756,0.050122848724689424,0.0019310474395751952,0.000262260463021017,tanh,0.001,"(100, 50)",0.01,sgd,"{'mlp__activation': 'tanh', 'mlp__alpha': 0.001, 'mlp__hidden_layer_sizes': (100, 50), 'mlp__learning_rate_init': 0.01, 'mlp__solver': 'sgd'}",1.0,1.0,0.9,1.0,0.9666666666666667,0.9733333333333333,0.038873012632301994,1,0.975,0.975,1.0,0.975,0.975,0.9800000000000001,0.010000000000000009
0.24516782760620118,0.040643927916662055,0.0015802383422851562,0.0001821526058039145,tanh,0.01,"(50,)",0.001,adam,"{'mlp__activation': 'tanh', 'mlp__alpha': 0.01, 'mlp__hidden_layer_sizes': (50,), 'mlp__learning_rate_init': 0.001, 'mlp__solver': 'adam'}",1.0,0.9666666666666667,0.9,1.0,0.9,0.9533333333333334,0.04521553322083511,50,0.9666666666666667,0.9666666666666667,0.9916666666666667,0.975,0.975,0.975,0.009128709291752777
0.31296892166137696,0.02108615609476642,0.002825927734375,0.0019263589985581478,tanh,0.01,"(50,)",0.001,sgd,"{'mlp__activation': 'tanh', 'mlp__alpha': 0.01, 'mlp__hidden_layer_sizes': (50,), 'mlp__learning_rate_init': 0.001, 'mlp__solver': 'sgd'}",1.0,0.9666666666666667,0.9,1.0,0.9,0.9533333333333334,0.04521553322083511,50,0.9333333333333333,0.95,0.9583333333333334,0.9416666666666667,0.9583333333333334,0.9483333333333333,0.009718253158075512
0.05440092086791992,0.006270290797906871,0.0014523506164550782,3.948735695308101e-05,tanh,0.01,"(50,)",0.01,adam,"{'mlp__activation': 'tanh', 'mlp__alpha': 0.01, 'mlp__hidden_layer_sizes': (50,), 'mlp__learning_rate_init': 0.01, 'mlp__solver': 'adam'}",1.0,1.0,0.9,1.0,0.9,0.96,0.04898979485566354,31,0.9833333333333333,0.9833333333333333,1.0,0.9833333333333333,0.9833333333333333,0.9866666666666667,0.006666666666666687
0.16748433113098143,0.02327801660543909,0.0016155242919921875,0.00020323709255433967,tanh,0.01,"(50,)",0.01,sgd,"{'mlp__activation': 'tanh', 'mlp__alpha': 0.01, 'mlp__hidden_layer_sizes': (50,), 'mlp__learning_rate_init': 0.01, 'mlp__solver': 'sgd'}",1.0,0.9666666666666667,0.9,1.0,0.9,0.9533333333333334,0.04521553322083511,50,0.9666666666666667,0.9666666666666667,0.9916666666666667,0.975,0.975,0.975,0.009128709291752777
0.26791868209838865,0.03986377655918236,0.001756000518798828,0.00025545201308210726,tanh,0.01,"(100,)",0.001,adam,"{'mlp__activation': 'tanh', 'mlp__alpha': 0.01, 'mlp__hidden_layer_sizes': (100,), 'mlp__learning_rate_init': 0.001, 'mlp__solver': 'adam'}",1.0,1.0,0.9,1.0,0.9333333333333333,0.9666666666666666,0.04216370213557838,16,0.975,0.9666666666666667,1.0,0.975,0.975,0.9783333333333333,0.011303883305208783
0.45688610076904296,0.07995002301713333,0.0016706466674804687,0.00021939408750252205,tanh,0.01,"(100,)",0.001,sgd,"{'mlp__activation': 'tanh', 'mlp__alpha': 0.01, 'mlp__hidden_layer_sizes': (100,), 'mlp__learning_rate_init': 0.001, 'mlp__solver': 'sgd'}",1.0,0.9666666666666667,0.8666666666666667,1.0,0.9,0.9466666666666667,0.05416025603090639,101,0.9416666666666667,0.95,0.9583333333333334,0.95,0.9666666666666667,0.9533333333333334,0.008498365855987991
0.07521624565124511,0.050236258315355595,0.0016552925109863282,0.00024604004470114735,tanh,0.01,"(100,)",0.01,adam,"{'mlp__activation': 'tanh', 'mlp__alpha': 0.01, 'mlp__hidden_layer_sizes': (100,), 'mlp__learning_rate_init': 0.01, 'mlp__solver': 'adam'}",1.0,1.0,0.9,1.0,0.9,0.96,0.04898979485566354,31,0.9833333333333333,0.9833333333333333,1.0,0.975,0.9833333333333333,0.985,0.008164965809277272
0.16576542854309081,0.032906400019641464,0.0015711784362792969,0.00010983879508559631,tanh,0.01,"(100,)",0.01,sgd,"{'mlp__activation': 'tanh', 'mlp__alpha': 0.01, 'mlp__hidden_layer_sizes': (100,), 'mlp__learning_rate_init': 0.01, 'mlp__solver': 'sgd'}",1.0,1.0,0.9,1.0,0.9,0.96,0.04898979485566354,31,0.9666666666666667,0.9666666666666667,0.9916666666666667,0.975,0.975,0.975,0.009128709291752777
0.18200311660766602,0.023194021410712553,0.0018088340759277344,0.00042373820629258127,tanh,0.01,"(50, 50)",0.001,adam,"{'mlp__activation': 'tanh', 'mlp__alpha': 0.01, 'mlp__hidden_layer_sizes': (50, 50), 'mlp__learning_rate_init': 0.001, 'mlp__solver': 'adam'}",1.0,1.0,0.9,1.0,0.9333333333333333,0.9666666666666666,0.04216370213557838,16,0.9833333333333333,0.975,1.0,0.975,0.975,0.9816666666666667,0.009718253158075509
0.6141007423400879,0.12200418290508933,0.0016779422760009766,0.000264988040628885,tanh,0.01,"(50, 50)",0.001,sgd,"{'mlp__activation': 'tanh', 'mlp__alpha': 0.01, 'mlp__hidden_layer_sizes': (50, 50), 'mlp__learning_rate_init': 0.001, 'mlp__solver': 'sgd'}",1.0,0.9666666666666667,0.9,1.0,0.9,0.9533333333333334,0.04521553322083511,50,0.9666666666666667,0.975,0.9833333333333333,0.9583333333333334,0.9666666666666667,0.97,0.008498365855987945
0.07449846267700196,0.06285189642897798,0.0022964000701904295,0.0010601070082467971,tanh,0.01,"(50, 50)",0.01,adam,"{'mlp__activation': 'tanh', 'mlp__alpha': 0.01, 'mlp__hidden_layer_sizes': (50, 50), 'mlp__learning_rate_init': 0.01, 'mlp__solver': 'adam'}",1.0,1.0,0.9,1.0,0.8333333333333334,0.9466666666666667,0.06863753427324665,101,0.9833333333333333,0.9833333333333333,1.0,0.9833333333333333,1.0,0.99,0.008164965809277286
0.1510873794555664,0.022624756480789158,0.0019516468048095704,0.0007203656674874344,tanh,0.01,"(50, 50)",0.01,sgd,"{'mlp__activation': 'tanh', 'mlp__alpha': 0.01, 'mlp__hidden_layer_sizes': (50, 50), 'mlp__learning_rate_init': 0.01, 'mlp__solver': 'sgd'}",1.0,1.0,0.9,1.0,0.9,0.96,0.04898979485566354,31,0.9833333333333333,0.975,1.0,0.975,0.975,0.9816666666666667,0.009718253158075509
0.20082597732543944,0.059481401757256594,0.0019539833068847657,0.000271696632592953,tanh,0.01,"(100, 50)",0.001,adam,"{'mlp__activation': 'tanh', 'mlp__alpha': 0.01, 'mlp__hidden_layer_sizes': (100, 50), 'mlp__learning_rate_init': 0.001, 'mlp__solver': 'adam'}",1.0,1.0,0.9,1.0,0.9666666666666667,0.9733333333333333,0.038873012632301994,1,0.9833333333333333,0.9833333333333333,1.0,0.975,0.975,0.9833333333333334,0.009128709291752777
0.5841026782989502,0.06209591188987627,0.0014476299285888672,5.902165451491247e-05,tanh,0.01,"(100, 50)",0.001,sgd,"{'mlp__activation': 'tanh', 'mlp__alpha': 0.01, 'mlp__hidden_layer_sizes': (100, 50), 'mlp__learning_rate_init': 0.001, 'mlp__solver': 'sgd'}",1.0,0.9666666666666667,0.9,1.0,0.9,0.9533333333333334,0.04521553322083511,50,0.9666666666666667,0.975,0.9916666666666667,0.9666666666666667,0.9666666666666667,0.9733333333333334,0.009718253158075509
0.08991818428039551,0.060653249563474065,0.004521989822387695,0.005284170520006322,tanh,0.01,"(100, 50)",0.01,adam,"{'mlp__activation': 'tanh', 'mlp__alpha': 0.01, 'mlp__hidden_layer_sizes': (100, 50), 'mlp__learning_rate_init': 0.01, 'mlp__solver': 'adam'}",1.0,1.0,0.9,1.0,0.8333333333333334,0.9466666666666667,0.06863753427324665,101,0.9833333333333333,0.9833333333333333,1.0,0.9833333333333333,1.0,0.99,0.008164965809277286
0.1827023983001709,0.05493392979521908,0.0017049312591552734,0.0002482560058602325,tanh,0.01,"(100, 50)",0.01,sgd,"{'mlp__activation': 'tanh', 'mlp__alpha': 0.01, 'mlp__hidden_layer_sizes': (100, 50), 'mlp__learning_rate_init': 0.01, 'mlp__solver': 'sgd'}",1.0,1.0,0.9,1.0,0.9666666666666667,0.9733333333333333,0.038873012632301994,1,0.975,0.975,1.0,0.975,0.975,0.9800000000000001,0.010000000000000009
0.573585844039917,0.04149326111403163,0.0014332771301269532,6.45154859935326e-05,logistic,0.0001,"(50,)",0.001,adam,"{'mlp__activation': 'logistic', 'mlp__alpha': 0.0001, 'mlp__hidden_layer_sizes': (50,), 'mlp__learning_rate_init': 0.001, 'mlp__solver': 'adam'}",1.0,0.9333333333333333,0.9,1.0,0.9666666666666667,0.96,0.038873012632301994,31,0.9666666666666667,0.9583333333333334,0.9916666666666667,0.9666666666666667,0.975,0.9716666666666667,0.011303883305208779
0.6792390823364258,0.09884155549134374,0.0016786575317382813,0.00028848685114813105,logistic,0.0001,"(50,)",0.001,sgd,"{'mlp__activation': 'logistic', 'mlp__alpha': 0.0001, 'mlp__hidden_layer_sizes': (50,), 'mlp__learning_rate_init': 0.001, 'mlp__solver': 'sgd'}",0.9,0.9,0.8333333333333334,0.9666666666666667,0.8,0.8800000000000001,0.05811865258054231,133,0.8833333333333333,0.8916666666666667,0.8916666666666667,0.8583333333333333,0.925,0.89,0.02134374745810953
0.15329999923706056,0.04103117296294787,0.0018925666809082031,0.0006715015325397327,logistic,0.0001,"(50,)",0.01,adam,"{'mlp__activation': 'logistic', 'mlp__alpha': 0.0001, 'mlp__hidden_layer_sizes': (50,), 'mlp__learning_rate_init': 0.01, 'mlp__solver': 'adam'}",1.0,1.0,0.9,1.0,0.9333333333333333,0.9666666666666666,0.04216370213557838,16,0.9833333333333333,0.975,1.0,0.975,0.975,0.9816666666666667,0.009718253158075509
0.5589482307434082,0.09005196465400117,0.0021991729736328125,0.0013706575415806158,logistic,0.0001,"(50,)",0.01,sgd,"{'mlp__activation': 'logistic', 'mlp__alpha': 0.0001, 'mlp__hidden_layer_sizes': (50,), 'mlp__learning_rate_init': 0.01, 'mlp__solver': 'sgd'}",1.0,0.9333333333333333,0.9,1.0,0.9333333333333333,0.9533333333333334,0.039999999999999994,50,0.95,0.9583333333333334,0.9916666666666667,0.9666666666666667,0.975,0.9683333333333334,0.014337208778404392
0.8292859077453614,0.0650685988384869,0.0017340660095214843,0.0005983090638165257,logistic,0.0001,"(100,)",0.001,adam,"{'mlp__activation': 'logistic', 'mlp__alpha': 0.0001, 'mlp__hidden_layer_sizes': (100,), 'mlp__learning_rate_init': 0.001, 'mlp__solver': 'adam'}",1.0,0.9333333333333333,0.9,1.0,0.9666666666666667,0.96,0.038873012632301994,31,0.975,0.9666666666666667,0.9916666666666667,0.975,0.9666666666666667,0.975,0.009128709291752777
1.216542863845825,0.2723232149399762,0.0015657901763916015,4.6827399761198114e-05,logistic,0.0001,"(100,)",0.001,sgd,"{'mlp__activation': 'logistic', 'mlp__alpha': 0.0001, 'mlp__hidden_layer_sizes': (100,), 'mlp__learning_rate_init': 0.001, 'mlp__solver': 'sgd'}",0.9333333333333333,0.8666666666666667,0.8333333333333334,0.9666666666666667,0.8333333333333334,0.8866666666666667,0.054160256030906385,130,0.8833333333333333,0.9083333333333333,0.9083333333333333,0.875,0.9083333333333333,0.8966666666666667,0.01452966314513558
0.20925235748291016,0.05275710456108698,0.001939535140991211,0.0005017507979738226,logistic,0.0001,"(100,)",0.01,adam,"{'mlp__activation': 'logistic', 'mlp__alpha': 0.0001, 'mlp__hidden_layer_sizes': (100,), 'mlp__learning_rate_init': 0.01, 'mlp__solver': 'adam'}",1.0,1.0,0.9,1.0,0.9666666666666667,0.9733333333333333,0.038873012632301994,1,0.9833333333333333,0.975,1.0,0.975,0.975,0.9816666666666667,0.009718253158075509
1.0296325206756591,0.15855307576246272,0.001726531982421875,0.00025190502397956266,logistic,0.0001,"(100,)",0.01,sgd,"{'mlp__activation': 'logistic', 'mlp__alpha': 0.0001, 'mlp__hidden_layer_sizes': (100,), 'mlp__learning_rate_init': 0.01, 'mlp__solver': 'sgd'}",1.0,0.9333333333333333,0.8666666666666667,1.0,0.9666666666666667,0.9533333333333334,0.04988876515698587,50,0.95,0.9583333333333334,0.9916666666666667,0.975,0.975,0.97,0.014529663145135591
0.7636605262756347,0.18065645442450512,0.002130126953125,0.00042699646895127377,logistic,0.0001,"(50, 50)",0.001,adam,"{'mlp__activation': 'logistic', 'mlp__alpha': 0.0001, 'mlp__hidden_layer_sizes': (50, 50), 'mlp__learning_rate_init': 0.001, 'mlp__solver': 'adam'}",1.0,0.9666666666666667,0.9,1.0,0.9666666666666667,0.9666666666666666,0.036514837167011066,16,0.9833333333333333,0.9666666666666667,1.0,0.975,0.975,0.9800000000000001,0.011303883305208779
0.07039818763732911,0.012254442421223966,0.001890707015991211,0.00028858677247832465,logistic,0.0001,"(50, 50)",0.001,sgd,"{'mlp__activation': 'logistic', 'mlp__alpha': 0.0001, 'mlp__hidden_layer_sizes': (50, 50), 'mlp__learning_rate_init': 0.001, 'mlp__solver': 'sgd'}",0.06666666666666667,0.0,0.06666666666666667,0.1,0.0,0.04666666666666667,0.04,142,0.041666666666666664,0.06666666666666667,0.05,0.041666666666666664,0.06666666666666667,0.05333333333333333,0.01130388330520878
0.14694418907165527,0.00969786052738752,0.0017474174499511718,0.00024782041400877686,logistic,0.0001,"(50, 50)",0.01,adam,"{'mlp__activation': 'logistic', 'mlp__alpha': 0.0001, 'mlp__hidden_layer_sizes': (50, 50), 'mlp__learning_rate_init': 0.01, 'mlp__solver': 'adam'}",1.0,1.0,0.9,1.0,0.9666666666666667,0.9733333333333333,0.038873012632301994,1,0.9833333333333333,0.9833333333333333,1.0,0.9833333333333333,0.9833333333333333,0.9866666666666667,0.006666666666666687
0.023200511932373047,0.003176529011230271,0.002021646499633789,0.0007916100117087181,logistic,0.0001,"(50, 50)",0.01,sgd,"{'mlp__activation': 'logistic', 'mlp__alpha': 0.0001, 'mlp__hidden_layer_sizes': (50, 50), 'mlp__learning_rate_init': 0.01, 'mlp__solver': 'sgd'}",0.3333333333333333,0.3333333333333333,0.3333333333333333,0.3333333333333333,0.3333333333333333,0.3333333333333333,0.0,139,0.3333333333333333,0.3333333333333333,0.3333333333333333,0.3333333333333333,0.3333333333333333,0.3333333333333333,0.0
0.7985431671142578,0.16044426106994508,0.001831817626953125,0.00028884949189104015,logistic,0.0001,"(100, 50)",0.001,adam,"{'mlp__activation': 'logistic', 'mlp__alpha': 0.0001, 'mlp__hidden_layer_sizes': (100, 50), 'mlp__learning_rate_init': 0.001, 'mlp__solver': 'adam'}",1.0,0.9666666666666667,0.9,1.0,0.9666666666666667,0.9666666666666666,0.036514837167011066,16,0.9833333333333333,0.9666666666666667,1.0,0.975,0.975,0.9800000000000001,0.011303883305208779
0.08482861518859863,0.012901427700657588,0.0019186973571777345,0.0003713057682494599,logistic,0.0001,"(100, 50)",0.001,sgd,"{'mlp__activation': 'logistic', 'mlp__alpha': 0.0001, 'mlp__hidden_layer_sizes': (100, 50), 'mlp__learning_rate_init': 0.001, 'mlp__solver': 'sgd'}",0.43333333333333335,0.36666666666666664,0.36666666666666664,0.36666666666666664,0.4666666666666667,0.4,0.042163702135578414,136,0.4083333333333333,0.4,0.39166666666666666,0.4,0.4,0.4,0.005270462766947297
0.21804141998291016,0.02341809307287588,0.0031296730041503905,0.0018273906717807284,logistic,0.0001,"(100, 50)",0.01,adam,"{'mlp__activation': 'logistic', 'mlp__alpha': 0.0001, 'mlp__hidden_layer_sizes': (100, 50), 'mlp__learning_rate_init': 0.01, 'mlp__solver': 'adam'}",1.0,1.0,0.9,1.0,0.9666666666666667,0.9733333333333333,0.038873012632301994,1,0.9833333333333333,0.9833333333333333,1.0,0.9833333333333333,0.9833333333333333,0.9866666666666667,0.006666666666666687
1.6224113941192626,0.18597516086188803,0.0020975112915039063,0.00038989037464105315,logistic,0.0001,"(100, 50)",0.01,sgd,"{'mlp__activation': 'logistic', 'mlp__alpha': 0.0001, 'mlp__hidden_layer_sizes': (100, 50), 'mlp__learning_rate_init': 0.01, 'mlp__solver': 'sgd'}",1.0,0.9333333333333333,0.9,1.0,0.9666666666666667,0.96,0.038873012632301994,31,0.95,0.9583333333333334,0.975,0.95,0.9583333333333334,0.9583333333333333,0.009128709291752777
0.6241599082946777,0.11225966523431843,0.0018546104431152344,0.0004806954074610535,logistic,0.001,"(50,)",0.001,adam,"{'mlp__activation': 'logistic', 'mlp__alpha': 0.001, 'mlp__hidden_layer_sizes': (50,), 'mlp__learning_rate_init': 0.001, 'mlp__solver': 'adam'}",1.0,0.9333333333333333,0.9,1.0,0.9666666666666667,0.96,0.038873012632301994,31,0.9666666666666667,0.9583333333333334,0.9916666666666667,0.9666666666666667,0.9666666666666667,0.9700000000000001,0.011303883305208783
0.5898683547973633,0.1059392037131366,0.001814889907836914,0.0003316273505078941,logistic,0.001,"(50,)",0.001,sgd,"{'mlp__activation': 'logistic', 'mlp__alpha': 0.001, 'mlp__hidden_layer_sizes': (50,), 'mlp__learning_rate_init': 0.001, 'mlp__solver': 'sgd'}",0.9,0.9,0.8333333333333334,0.9666666666666667,0.8,0.8800000000000001,0.05811865258054231,133,0.8833333333333333,0.8916666666666667,0.8916666666666667,0.8583333333333333,0.925,0.89,0.02134374745810953
0.1681185245513916,0.05474377208056475,0.0015822410583496093,0.00024245134997840037,logistic,0.001,"(50,)",0.01,adam,"{'mlp__activation': 'logistic', 'mlp__alpha': 0.001, 'mlp__hidden_layer_sizes': (50,), 'mlp__learning_rate_init': 0.01, 'mlp__solver': 'adam'}",1.0,1.0,0.9,1.0,0.9333333333333333,0.9666666666666666,0.04216370213557838,16,0.9833333333333333,0.975,1.0,0.975,0.975,0.9816666666666667,0.009718253158075509
0.5425746440887451,0.10486363310276443,0.0016131401062011719,0.0002781059676035087,logistic,0.001,"(50,)",0.01,sgd,"{'mlp__activation': 'logistic', 'mlp__alpha': 0.001, 'mlp__hidden_layer_sizes': (50,), 'mlp__learning_rate_init': 0.01, 'mlp__solver': 'sgd'}",1.0,0.9333333333333333,0.9,1.0,0.9333333333333333,0.9533333333333334,0.039999999999999994,50,0.95,0.9583333333333334,0.9916666666666667,0.9666666666666667,0.975,0.9683333333333334,0.014337208778404392
0.9783555507659912,0.2579592484415352,0.0020362377166748048,0.0003400742505687536,logistic,0.001,"(100,)",0.001,adam,"{'mlp__activation': 'logistic', 'mlp__alpha': 0.001, 'mlp__hidden_layer_sizes': (100,), 'mlp__learning_rate_init': 0.001, 'mlp__solver': 'adam'}",1.0,0.9333333333333333,0.9,1.0,0.9666666666666667,0.96,0.038873012632301994,31,0.975,0.9666666666666667,0.9916666666666667,0.975,0.9666666666666667,0.975,0.009128709291752777
1.0162639617919922,0.044691950840611075,0.0017096519470214844,0.0002518500847376651,logistic,0.001,"(100,)",0.001,sgd,"{'mlp__activation': 'logistic', 'mlp__alpha': 0.001, 'mlp__hidden_layer_sizes': (100,), 'mlp__learning_rate_init': 0.001, 'mlp__solver': 'sgd'}",0.9333333333333333,0.8666666666666667,0.8333333333333334,0.9666666666666667,0.8333333333333334,0.8866666666666667,0.054160256030906385,130,0.8833333333333333,0.9083333333333333,0.9083333333333333,0.875,0.9083333333333333,0.8966666666666667,0.01452966314513558
0.22939720153808593,0.05313313191129603,0.0017038345336914062,0.00029207685397646257,logistic,0.001,"(100,)",0.01,adam,"{'mlp__activation': 'logistic', 'mlp__alpha': 0.001, 'mlp__hidden_layer_sizes': (100,), 'mlp__learning_rate_init': 0.01, 'mlp__solver': 'adam'}",1.0,1.0,0.9,1.0,0.9666666666666667,0.9733333333333333,0.038873012632301994,1,0.9833333333333333,0.975,1.0,0.975,0.975,0.9816666666666667,0.009718253158075509
0.9838923931121826,0.1400850664129898,0.0016010761260986327,0.0002500378107726251,logistic,0.001,"(100,)",0.01,sgd,"{'mlp__activation': 'logistic', 'mlp__alpha': 0.001, 'mlp__hidden_layer_sizes': (100,), 'mlp__learning_rate_init': 0.01, 'mlp__solver': 'sgd'}",1.0,0.9333333333333333,0.8666666666666667,1.0,0.9666666666666667,0.9533333333333334,0.04988876515698587,50,0.95,0.9583333333333334,0.9916666666666667,0.975,0.975,0.97,0.014529663145135591
0.6915238857269287,0.082469578462474,0.0017333507537841796,0.00034137196104590554,logistic,0.001,"(50, 50)",0.001,adam,"{'mlp__activation': 'logistic', 'mlp__alpha': 0.001, 'mlp__hidden_layer_sizes': (50, 50), 'mlp__learning_rate_init': 0.001, 'mlp__solver': 'adam'}",1.0,0.9666666666666667,0.9,1.0,0.9666666666666667,0.9666666666666666,0.036514837167011066,16,0.9833333333333333,0.9666666666666667,1.0,0.975,0.975,0.9800000000000001,0.011303883305208779
0.05662522315979004,0.0024348612717363526,0.0018710613250732422,0.0004770028398684981,logistic,0.001,"(50, 50)",0.001,sgd,"{'mlp__activation': 'logistic', 'mlp__alpha': 0.001, 'mlp__hidden_layer_sizes': (50, 50), 'mlp__learning_rate_init': 0.001, 'mlp__solver': 'sgd'}",0.06666666666666667,0.0,0.06666666666666667,0.1,0.0,0.04666666666666667,0.04,142,0.041666666666666664,0.06666666666666667,0.05,0.041666666666666664,0.06666666666666667,0.05333333333333333,0.01130388330520878
0.19184417724609376,0.07671192416594977,0.003371143341064453,0.002090485000033944,logistic,0.001,"(50, 50)",0.01,adam,"{'mlp__activation': 'logistic', 'mlp__alpha': 0.001, 'mlp__hidden_layer_sizes': (50, 50), 'mlp__learning_rate_init': 0.01, 'mlp__solver': 'adam'}",1.0,1.0,0.9,1.0,0.9666666666666667,0.9733333333333333,0.038873012632301994,1,0.9833333333333333,0.9833333333333333,1.0,0.9833333333333333,0.975,0.985,0.008164965809277272
0.026261520385742188,0.008736977297020205,0.0017847061157226563,0.0002163942818828098,logistic,0.001,"(50, 50)",0.01,sgd,"{'mlp__activation': 'logistic', 'mlp__alpha': 0.001, 'mlp__hidden_layer_sizes': (50, 50), 'mlp__learning_rate_init': 0.01, 'mlp__solver': 'sgd'}",0.3333333333333333,0.3333333333333333,0.3333333333333333,0.3333333333333333,0.3333333333333333,0.3333333333333333,0.0,139,0.3333333333333333,0.3333333333333333,0.3333333333333333,0.3333333333333333,0.3333333333333333,0.3333333333333333,0.0
0.7989155292510987,0.20566392647629086,0.0018564701080322266,0.0005849583313644388,logistic,0.001,"(100, 50)",0.001,adam,"{'mlp__activation': 'logistic', 'mlp__alpha': 0.001, 'mlp__hidden_layer_sizes': (100, 50), 'mlp__learning_rate_init': 0.001, 'mlp__solver': 'adam'}",1.0,0.9666666666666667,0.9,1.0,0.9666666666666667,0.9666666666666666,0.036514837167011066,16,0.9833333333333333,0.9666666666666667,1.0,0.975,0.975,0.9800000000000001,0.011303883305208779
0.10083479881286621,0.02872614840085707,0.0018117427825927734,0.00026979082333645615,logistic,0.001,"(100, 50)",0.001,sgd,"{'mlp__activation': 'logistic', 'mlp__alpha': 0.001, 'mlp__hidden_layer_sizes': (100, 50), 'mlp__learning_rate_init': 0.001, 'mlp__solver': 'sgd'}",0.43333333333333335,0.36666666666666664,0.36666666666666664,0.36666666666666664,0.4666666666666667,0.4,0.042163702135578414,136,0.4083333333333333,0.4,0.39166666666666666,0.4,0.4,0.4,0.005270462766947297
0.22040729522705077,0.063949967194384,0.001975870132446289,0.00042363219504702433,logistic,0.001,"(100, 50)",0.01,adam,"{'mlp__activation': 'logistic', 'mlp__alpha': 0.001, 'mlp__hidden_layer_sizes': (100, 50), 'mlp__learning_rate_init': 0.01, 'mlp__solver': 'adam'}",1.0,1.0,0.9,1.0,0.9666666666666667,0.9733333333333333,0.038873012632301994,1,0.9833333333333333,0.9833333333333333,1.0,0.9833333333333333,0.975,0.985,0.008164965809277272
1.783990478515625,0.35167331087720705,0.002511262893676758,0.0007855054307055211,logistic,0.001,"(100, 50)",0.01,sgd,"{'mlp__activation': 'logistic', 'mlp__alpha': 0.001, 'mlp__hidden_layer_sizes': (100, 50), 'mlp__learning_rate_init': 0.01, 'mlp__solver': 'sgd'}",1.0,0.9333333333333333,0.9,1.0,0.9666666666666667,0.96,0.038873012632301994,31,0.95,0.9583333333333334,0.975,0.95,0.9583333333333334,0.9583333333333333,0.009128709291752777
0.7807687759399414,0.1570339073613249,0.0018226146697998048,0.00028229132694925554,logistic,0.01,"(50,)",0.001,adam,"{'mlp__activation': 'logistic', 'mlp__alpha': 0.01, 'mlp__hidden_layer_sizes': (50,), 'mlp__learning_rate_init': 0.001, 'mlp__solver': 'adam'}",1.0,0.9333333333333333,0.9,1.0,0.9666666666666667,0.96,0.038873012632301994,31,0.9666666666666667,0.9583333333333334,0.9916666666666667,0.9666666666666667,0.9666666666666667,0.9700000000000001,0.011303883305208783
0.549889612197876,0.013089758347239258,0.002051973342895508,0.0009626551903173301,logistic,0.01,"(50,)",0.001,sgd,"{'mlp__activation': 'logistic', 'mlp__alpha': 0.01, 'mlp__hidden_layer_sizes': (50,), 'mlp__learning_rate_init': 0.001, 'mlp__solver': 'sgd'}",0.9,0.9,0.8333333333333334,0.9666666666666667,0.8,0.8800000000000001,0.05811865258054231,133,0.8833333333333333,0.8833333333333333,0.8916666666666667,0.8583333333333333,0.925,0.8883333333333333,0.021473497877875242
0.12420048713684081,0.004529321005553428,0.0014801025390625,7.586207945438647e-05,logistic,0.01,"(50,)",0.01,adam,"{'mlp__activation': 'logistic', 'mlp__alpha': 0.01, 'mlp__hidden_layer_sizes': (50,), 'mlp__learning_rate_init': 0.01, 'mlp__solver': 'adam'}",1.0,1.0,0.9,1.0,0.9333333333333333,0.9666666666666666,0.04216370213557838,16,0.9833333333333333,0.975,1.0,0.975,0.975,0.9816666666666667,0.009718253158075509
0.4937599658966064,0.05052940365501203,0.0018826961517333985,0.0005013717355166493,logistic,0.01,"(50,)",0.01,sgd,"{'mlp__activation': 'logistic', 'mlp__alpha': 0.01, 'mlp__hidden_layer_sizes': (50,), 'mlp__learning_rate_init': 0.01, 'mlp__solver': 'sgd'}",1.0,0.9333333333333333,0.9,1.0,0.9333333333333333,0.9533333333333334,0.039999999999999994,50,0.95,0.9583333333333334,0.9916666666666667,0.9666666666666667,0.975,0.9683333333333334,0.014337208778404392
0.7739766597747803,0.10553269584998698,0.0016264915466308594,0.0002573238370735796,logistic,0.01,"(100,)",0.001,adam,"{'mlp__activation': 'logistic', 'mlp__alpha': 0.01, 'mlp__hidden_layer_sizes': (100,), 'mlp__learning_rate_init': 0.001, 'mlp__solver': 'adam'}",1.0,0.9333333333333333,0.9,1.0,0.9666666666666667,0.96,0.038873012632301994,31,0.975,0.9666666666666667,0.9916666666666667,0.975,0.9666666666666667,0.975,0.009128709291752777
1.1241530418395995,0.2593327670183654,0.002092409133911133,0.00040461635989594763,logistic,0.01,"(100,)",0.001,sgd,"{'mlp__activation': 'logistic', 'mlp__alpha': 0.01, 'mlp__hidden_layer_sizes': (100,), 'mlp__learning_rate_init': 0.001, 'mlp__solver': 'sgd'}",0.9333333333333333,0.8666666666666667,0.8333333333333334,0.9666666666666667,0.8333333333333334,0.8866666666666667,0.054160256030906385,130,0.8833333333333333,0.9083333333333333,0.9083333333333333,0.875,0.9083333333333333,0.8966666666666667,0.01452966314513558
0.17614216804504396,0.010886065831161744,0.0015100955963134766,5.4717224927012886e-05,logistic,0.01,"(100,)",0.01,adam,"{'mlp__activation': 'logistic', 'mlp__alpha': 0.01, 'mlp__hidden_layer_sizes': (100,), 'mlp__learning_rate_init': 0.01, 'mlp__solver': 'adam'}",1.0,1.0,0.9,1.0,0.9666666666666667,0.9733333333333333,0.038873012632301994,1,0.9833333333333333,0.975,1.0,0.975,0.975,0.9816666666666667,0.009718253158075509
0.9923563003540039,0.181645809709497,0.0015833854675292968,6.132826609342815e-05,logistic,0.01,"(100,)",0.01,sgd,"{'mlp__activation': 'logistic', 'mlp__alpha': 0.01, 'mlp__hidden_layer_sizes': (100,), 'mlp__learning_rate_init': 0.01, 'mlp__solver': 'sgd'}",1.0,0.9333333333333333,0.8666666666666667,1.0,0.9666666666666667,0.9533333333333334,0.04988876515698587,50,0.95,0.9583333333333334,0.9833333333333333,0.975,0.975,0.9683333333333334,0.01224744871391588
0.7123888492584228,0.05937850656701203,0.0019164562225341796,0.0003519433732919789,logistic,0.01,"(50, 50)",0.001,adam,"{'mlp__activation': 'logistic', 'mlp__alpha': 0.01, 'mlp__hidden_layer_sizes': (50, 50), 'mlp__learning_rate_init': 0.001, 'mlp__solver': 'adam'}",1.0,0.9666666666666667,0.9,1.0,0.9666666666666667,0.9666666666666666,0.036514837167011066,16,0.9833333333333333,0.9666666666666667,1.0,0.975,0.975,0.9800000000000001,0.011303883305208779
0.07567543983459472,0.014945913704594898,0.0017656326293945313,0.00025571904104415685,logistic,0.01,"(50, 50)",0.001,sgd,"{'mlp__activation': 'logistic', 'mlp__alpha': 0.01, 'mlp__hidden_layer_sizes': (50, 50), 'mlp__learning_rate_init': 0.001, 'mlp__solver': 'sgd'}",0.06666666666666667,0.0,0.06666666666666667,0.1,0.0,0.04666666666666667,0.04,142,0.041666666666666664,0.06666666666666667,0.05,0.041666666666666664,0.06666666666666667,0.05333333333333333,0.01130388330520878
0.18064408302307128,0.05212935101509121,0.001892852783203125,0.00035103446446007854,logistic,0.01,"(50, 50)",0.01,adam,"{'mlp__activation': 'logistic', 'mlp__alpha': 0.01, 'mlp__hidden_layer_sizes': (50, 50), 'mlp__learning_rate_init': 0.01, 'mlp__solver': 'adam'}",1.0,1.0,0.9,1.0,0.9666666666666667,0.9733333333333333,0.038873012632301994,1,0.9833333333333333,0.9833333333333333,1.0,0.9833333333333333,0.975,0.985,0.008164965809277272
0.02882728576660156,0.0073685314859297515,0.0017358779907226563,0.00023945565689444695,logistic,0.01,"(50, 50)",0.01,sgd,"{'mlp__activation': 'logistic', 'mlp__alpha': 0.01, 'mlp__hidden_layer_sizes': (50, 50), 'mlp__learning_rate_init': 0.01, 'mlp__solver': 'sgd'}",0.3333333333333333,0.3333333333333333,0.3333333333333333,0.3333333333333333,0.3333333333333333,0.3333333333333333,0.0,139,0.3333333333333333,0.3333333333333333,0.3333333333333333,0.3333333333333333,0.3333333333333333,0.3333333333333333,0.0
0.6827062606811524,0.06381478902335205,0.0015619754791259765,0.0004573606316186377,logistic,0.01,"(100, 50)",0.001,adam,"{'mlp__activation': 'logistic', 'mlp__alpha': 0.01, 'mlp__hidden_layer_sizes': (100, 50), 'mlp__learning_rate_init': 0.001, 'mlp__solver': 'adam'}",1.0,0.9666666666666667,0.9,1.0,0.9666666666666667,0.9666666666666666,0.036514837167011066,16,0.9833333333333333,0.9666666666666667,1.0,0.975,0.975,0.9800000000000001,0.011303883305208779
0.11548829078674316,0.03415389091960657,0.002149629592895508,0.00035529396802118525,logistic,0.01,"(100, 50)",0.001,sgd,"{'mlp__activation': 'logistic', 'mlp__alpha': 0.01, 'mlp__hidden_layer_sizes': (100, 50), 'mlp__learning_rate_init': 0.001, 'mlp__solver': 'sgd'}",0.43333333333333335,0.36666666666666664,0.36666666666666664,0.36666666666666664,0.4666666666666667,0.4,0.042163702135578414,136,0.4083333333333333,0.4,0.39166666666666666,0.4,0.4,0.4,0.005270462766947297
0.2096865177154541,0.027090962119719193,0.0017485618591308594,0.000374375933997104,logistic,0.01,"(100, 50)",0.01,adam,"{'mlp__activation': 'logistic', 'mlp__alpha': 0.01, 'mlp__hidden_layer_sizes': (100, 50), 'mlp__learning_rate_init': 0.01, 'mlp__solver': 'adam'}",1.0,1.0,0.9,1.0,0.9666666666666667,0.9733333333333333,0.038873012632301994,1,0.9833333333333333,0.9833333333333333,1.0,0.9833333333333333,0.975,0.985,0.008164965809277272
1.0707801818847655,0.03768723957995274,0.0011861324310302734,8.548574539718901e-05,logistic,0.01,"(100, 50)",0.01,sgd,"{'mlp__activation': 'logistic', 'mlp__alpha': 0.01, 'mlp__hidden_layer_sizes': (100, 50), 'mlp__learning_rate_init': 0.01, 'mlp__solver': 'sgd'}",1.0,0.9333333333333333,0.9,1.0,0.9666666666666667,0.96,0.038873012632301994,31,0.95,0.9583333333333334,0.975,0.95,0.9583333333333334,0.9583333333333333,0.009128709291752777
